{"cameraMode":{"drawMode":0,"name":"Shaded","section":"Shading Mode"},"sceneLighting":true,"audioPlay":false,"sceneViewState":{"m_AlwaysRefresh":false,"showFog":true,"showSkybox":true,"showFlares":true,"showImageEffects":true,"showParticleSystems":true,"showVisualEffectGraphs":true,"m_FxEnabled":true},"in2DMode":false,"pivot":{"x":0.9999995231628418,"y":7.42462158203125,"z":-5.717514514923096},"rotation":{"x":0.039260055869817737,"y":0.04675828665494919,"z":-0.0018134663114324213,"w":0.9981659650802612},"size":0.8660253882408142,"orthographic":false}